[
{
    "pk": 1, 
    "model": "howmanymiles.alliance", 
    "fields": {
        "name": "Star Alliance", 
        "slug": "staralliance"
    }
},
{
    "pk": 2, 
    "model": "howmanymiles.alliance", 
    "fields": {
        "name": "OneWorld", 
        "slug": "oneworld"
    }
},
{
    "pk": 3, 
    "model": "howmanymiles.alliance", 
    "fields": {
        "name": "SkyTeam", 
        "slug": "skyteam"
    }
},
{
    "pk": "A3", 
    "model": "howmanymiles.airline", 
    "fields": {
        "uses_segments": false, 
        "alliance": 1, 
        "name": "Aegean", 
        "qualifying_miles_name": "", 
        "comments": null, 
        "ff_program": "Miles&Bonus"
    }
},
{
    "pk": "AA", 
    "model": "howmanymiles.airline", 
    "fields": {
        "uses_segments": false, 
        "alliance": 2, 
        "name": "American Airlines", 
        "qualifying_miles_name": "", 
        "comments": null, 
        "ff_program": "AAdvantage"
    }
},
{
    "pk": "AB", 
    "model": "howmanymiles.airline", 
    "fields": {
        "uses_segments": false, 
        "alliance": 2, 
        "name": "Air Berlin", 
        "qualifying_miles_name": "", 
        "comments": null, 
        "ff_program": "topbonus"
    }
},
{
    "pk": "AC", 
    "model": "howmanymiles.airline", 
    "fields": {
        "uses_segments": true, 
        "alliance": 1, 
        "name": "Air Canada", 
        "qualifying_miles_name": "Altitude", 
        "comments": "", 
        "ff_program": "Aeroplan"
    }
},
{
    "pk": "AF", 
    "model": "howmanymiles.airline", 
    "fields": {
        "uses_segments": false, 
        "alliance": 3, 
        "name": "Air France", 
        "qualifying_miles_name": "", 
        "comments": "", 
        "ff_program": "Flying Blue"
    }
},
{
    "pk": "AM", 
    "model": "howmanymiles.airline", 
    "fields": {
        "uses_segments": false, 
        "alliance": 3, 
        "name": "Aerom\u00e9xico", 
        "qualifying_miles_name": "", 
        "comments": "", 
        "ff_program": "Club Premier"
    }
},
{
    "pk": "AR", 
    "model": "howmanymiles.airline", 
    "fields": {
        "uses_segments": false, 
        "alliance": 3, 
        "name": "Aerol\u00edneas Argentinas", 
        "qualifying_miles_name": "", 
        "comments": "", 
        "ff_program": "Aerol\u00edneas Plus"
    }
},
{
    "pk": "AS", 
    "model": "howmanymiles.airline", 
    "fields": {
        "uses_segments": false, 
        "alliance": null, 
        "name": "Alaska Airlines", 
        "qualifying_miles_name": "", 
        "comments": "", 
        "ff_program": "Mileage Plan"
    }
},
{
    "pk": "AV", 
    "model": "howmanymiles.airline", 
    "fields": {
        "uses_segments": false, 
        "alliance": 1, 
        "name": "Avianca", 
        "qualifying_miles_name": "Elite", 
        "comments": null, 
        "ff_program": "LifeMiles"
    }
},
{
    "pk": "AY", 
    "model": "howmanymiles.airline", 
    "fields": {
        "uses_segments": false, 
        "alliance": 2, 
        "name": "Finnair", 
        "qualifying_miles_name": "", 
        "comments": null, 
        "ff_program": "Finnair Plus"
    }
},
{
    "pk": "AZ", 
    "model": "howmanymiles.airline", 
    "fields": {
        "uses_segments": false, 
        "alliance": 3, 
        "name": "Alitalia", 
        "qualifying_miles_name": "", 
        "comments": "", 
        "ff_program": "MilleMiglia"
    }
},
{
    "pk": "BA", 
    "model": "howmanymiles.airline", 
    "fields": {
        "uses_segments": false, 
        "alliance": 2, 
        "name": "British Airways", 
        "qualifying_miles_name": "", 
        "comments": null, 
        "ff_program": "Executive Club"
    }
},
{
    "pk": "BR", 
    "model": "howmanymiles.airline", 
    "fields": {
        "uses_segments": false, 
        "alliance": 1, 
        "name": "EVA Air", 
        "qualifying_miles_name": "Tier", 
        "comments": null, 
        "ff_program": "Infinity MileageLands"
    }
},
{
    "pk": "CA", 
    "model": "howmanymiles.airline", 
    "fields": {
        "uses_segments": false, 
        "alliance": 1, 
        "name": "Air China", 
        "qualifying_miles_name": "Elite", 
        "comments": null, 
        "ff_program": "Phoenix Miles"
    }
},
{
    "pk": "CI", 
    "model": "howmanymiles.airline", 
    "fields": {
        "uses_segments": false, 
        "alliance": 3, 
        "name": "China Airlines", 
        "qualifying_miles_name": "", 
        "comments": "", 
        "ff_program": "Dynasty Flyer"
    }
},
{
    "pk": "CM", 
    "model": "howmanymiles.airline", 
    "fields": {
        "uses_segments": false, 
        "alliance": 1, 
        "name": "Copa Airlines", 
        "qualifying_miles_name": "", 
        "comments": null, 
        "ff_program": "MileagePlus"
    }
},
{
    "pk": "CX", 
    "model": "howmanymiles.airline", 
    "fields": {
        "uses_segments": false, 
        "alliance": 2, 
        "name": "Cathay Pacific", 
        "qualifying_miles_name": "", 
        "comments": null, 
        "ff_program": "Asia Miles"
    }
},
{
    "pk": "CZ", 
    "model": "howmanymiles.airline", 
    "fields": {
        "uses_segments": false, 
        "alliance": 3, 
        "name": "China Southern Airlines", 
        "qualifying_miles_name": "", 
        "comments": "", 
        "ff_program": "Sky Pearl Club"
    }
},
{
    "pk": "DL", 
    "model": "howmanymiles.airline", 
    "fields": {
        "uses_segments": false, 
        "alliance": 3, 
        "name": "Delta Air Lines", 
        "qualifying_miles_name": "", 
        "comments": "", 
        "ff_program": "SkyMiles"
    }
},
{
    "pk": "EI", 
    "model": "howmanymiles.airline", 
    "fields": {
        "uses_segments": false, 
        "alliance": null, 
        "name": "Aer Lingus", 
        "qualifying_miles_name": "", 
        "comments": "", 
        "ff_program": "Gold Circle Club"
    }
},
{
    "pk": "ET", 
    "model": "howmanymiles.airline", 
    "fields": {
        "uses_segments": false, 
        "alliance": 1, 
        "name": "Ethiopian Airlines", 
        "qualifying_miles_name": "", 
        "comments": "", 
        "ff_program": "ShebaMiles"
    }
},
{
    "pk": "IB", 
    "model": "howmanymiles.airline", 
    "fields": {
        "uses_segments": false, 
        "alliance": 2, 
        "name": "Iberia", 
        "qualifying_miles_name": "", 
        "comments": "", 
        "ff_program": "Iberia Plus"
    }
},
{
    "pk": "JJ", 
    "model": "howmanymiles.airline", 
    "fields": {
        "uses_segments": false, 
        "alliance": 1, 
        "name": "TAM Airlines", 
        "qualifying_miles_name": "", 
        "comments": "", 
        "ff_program": "Multiplus"
    }
},
{
    "pk": "JL", 
    "model": "howmanymiles.airline", 
    "fields": {
        "uses_segments": false, 
        "alliance": 2, 
        "name": "Japan Airlines", 
        "qualifying_miles_name": "", 
        "comments": "", 
        "ff_program": "JAL Mileage Bank"
    }
},
{
    "pk": "JP", 
    "model": "howmanymiles.airline", 
    "fields": {
        "uses_segments": false, 
        "alliance": 1, 
        "name": "Adria Airways", 
        "qualifying_miles_name": "", 
        "comments": "", 
        "ff_program": "Miles & More"
    }
},
{
    "pk": "KE", 
    "model": "howmanymiles.airline", 
    "fields": {
        "uses_segments": false, 
        "alliance": 3, 
        "name": "Korean Air", 
        "qualifying_miles_name": "", 
        "comments": "", 
        "ff_program": "SKYPASS"
    }
},
{
    "pk": "KL", 
    "model": "howmanymiles.airline", 
    "fields": {
        "uses_segments": false, 
        "alliance": 3, 
        "name": "KLM", 
        "qualifying_miles_name": "", 
        "comments": "", 
        "ff_program": "Flying Blue"
    }
},
{
    "pk": "KQ", 
    "model": "howmanymiles.airline", 
    "fields": {
        "uses_segments": false, 
        "alliance": 3, 
        "name": "Kenya Airways", 
        "qualifying_miles_name": "", 
        "comments": "", 
        "ff_program": "Flying Blue"
    }
},
{
    "pk": "LA", 
    "model": "howmanymiles.airline", 
    "fields": {
        "uses_segments": false, 
        "alliance": 2, 
        "name": "LAN Airlines", 
        "qualifying_miles_name": "", 
        "comments": "", 
        "ff_program": "LANPASS"
    }
},
{
    "pk": "LH", 
    "model": "howmanymiles.airline", 
    "fields": {
        "uses_segments": false, 
        "alliance": 1, 
        "name": "Lufthansa", 
        "qualifying_miles_name": "", 
        "comments": "", 
        "ff_program": "Miles & More"
    }
},
{
    "pk": "LO", 
    "model": "howmanymiles.airline", 
    "fields": {
        "uses_segments": false, 
        "alliance": 1, 
        "name": "LOT Polish Airlines", 
        "qualifying_miles_name": "", 
        "comments": "", 
        "ff_program": "Miles & More"
    }
},
{
    "pk": "LX", 
    "model": "howmanymiles.airline", 
    "fields": {
        "uses_segments": false, 
        "alliance": 1, 
        "name": "Swiss", 
        "qualifying_miles_name": "", 
        "comments": "", 
        "ff_program": "Miles & More"
    }
},
{
    "pk": "ME", 
    "model": "howmanymiles.airline", 
    "fields": {
        "uses_segments": false, 
        "alliance": 3, 
        "name": "Middle East Airlines", 
        "qualifying_miles_name": "", 
        "comments": "", 
        "ff_program": "Cedar Miles"
    }
},
{
    "pk": "MF", 
    "model": "howmanymiles.airline", 
    "fields": {
        "uses_segments": false, 
        "alliance": 3, 
        "name": "Xiamen", 
        "qualifying_miles_name": "", 
        "comments": "", 
        "ff_program": "Egret Card"
    }
},
{
    "pk": "MH", 
    "model": "howmanymiles.airline", 
    "fields": {
        "uses_segments": false, 
        "alliance": 2, 
        "name": "Malaysia Airlines", 
        "qualifying_miles_name": "", 
        "comments": "", 
        "ff_program": "Enrich"
    }
},
{
    "pk": "MS", 
    "model": "howmanymiles.airline", 
    "fields": {
        "uses_segments": false, 
        "alliance": 1, 
        "name": "EgyptAir", 
        "qualifying_miles_name": "", 
        "comments": "", 
        "ff_program": "EgyptAir Plus"
    }
},
{
    "pk": "MU", 
    "model": "howmanymiles.airline", 
    "fields": {
        "uses_segments": false, 
        "alliance": 3, 
        "name": "China Eastern Airlines", 
        "qualifying_miles_name": "", 
        "comments": "", 
        "ff_program": "Eastern Miles"
    }
},
{
    "pk": "NH", 
    "model": "howmanymiles.airline", 
    "fields": {
        "uses_segments": false, 
        "alliance": 1, 
        "name": "All Nippon Airways", 
        "qualifying_miles_name": "", 
        "comments": "", 
        "ff_program": "ANA Mileage Club"
    }
},
{
    "pk": "NZ", 
    "model": "howmanymiles.airline", 
    "fields": {
        "uses_segments": false, 
        "alliance": 1, 
        "name": "Air New Zealand", 
        "qualifying_miles_name": "", 
        "comments": "", 
        "ff_program": "Airpoints"
    }
},
{
    "pk": "OK", 
    "model": "howmanymiles.airline", 
    "fields": {
        "uses_segments": false, 
        "alliance": 3, 
        "name": "Czech Airlines", 
        "qualifying_miles_name": "", 
        "comments": "", 
        "ff_program": "OK Plus"
    }
},
{
    "pk": "OS", 
    "model": "howmanymiles.airline", 
    "fields": {
        "uses_segments": false, 
        "alliance": 1, 
        "name": "Austrian", 
        "qualifying_miles_name": "", 
        "comments": "", 
        "ff_program": "Miles & More"
    }
},
{
    "pk": "OU", 
    "model": "howmanymiles.airline", 
    "fields": {
        "uses_segments": false, 
        "alliance": 1, 
        "name": "Croatia Airlines", 
        "qualifying_miles_name": "", 
        "comments": "", 
        "ff_program": "Miles & More"
    }
},
{
    "pk": "OZ", 
    "model": "howmanymiles.airline", 
    "fields": {
        "uses_segments": false, 
        "alliance": 1, 
        "name": "Asiana Airlines", 
        "qualifying_miles_name": "", 
        "comments": "", 
        "ff_program": "Asiana Club"
    }
},
{
    "pk": "QF", 
    "model": "howmanymiles.airline", 
    "fields": {
        "uses_segments": false, 
        "alliance": 2, 
        "name": "Qantas", 
        "qualifying_miles_name": "", 
        "comments": "", 
        "ff_program": "Qantas Frequent Flyer"
    }
},
{
    "pk": "QR", 
    "model": "howmanymiles.airline", 
    "fields": {
        "uses_segments": false, 
        "alliance": 2, 
        "name": "Qatar Airways", 
        "qualifying_miles_name": "", 
        "comments": "Qmiles", 
        "ff_program": "Privilege Club"
    }
},
{
    "pk": "RJ", 
    "model": "howmanymiles.airline", 
    "fields": {
        "uses_segments": false, 
        "alliance": 2, 
        "name": "Royal Jordanian Airlines", 
        "qualifying_miles_name": "", 
        "comments": "", 
        "ff_program": "Royal Plus"
    }
},
{
    "pk": "RO", 
    "model": "howmanymiles.airline", 
    "fields": {
        "uses_segments": false, 
        "alliance": 3, 
        "name": "TAROM", 
        "qualifying_miles_name": "", 
        "comments": "", 
        "ff_program": "Flying Blue"
    }
},
{
    "pk": "S7", 
    "model": "howmanymiles.airline", 
    "fields": {
        "uses_segments": false, 
        "alliance": 2, 
        "name": "S7 Airlines", 
        "qualifying_miles_name": "", 
        "comments": "", 
        "ff_program": "S7 Priority"
    }
},
{
    "pk": "SA", 
    "model": "howmanymiles.airline", 
    "fields": {
        "uses_segments": false, 
        "alliance": 1, 
        "name": "South African Airways", 
        "qualifying_miles_name": "", 
        "comments": "", 
        "ff_program": "Voyager"
    }
},
{
    "pk": "SK", 
    "model": "howmanymiles.airline", 
    "fields": {
        "uses_segments": false, 
        "alliance": 1, 
        "name": "Scandinavian Airlines", 
        "qualifying_miles_name": "", 
        "comments": "", 
        "ff_program": "EuroBonus"
    }
},
{
    "pk": "SN", 
    "model": "howmanymiles.airline", 
    "fields": {
        "uses_segments": false, 
        "alliance": 1, 
        "name": "Brussels Airlines", 
        "qualifying_miles_name": "", 
        "comments": "", 
        "ff_program": "Miles & More"
    }
},
{
    "pk": "SQ", 
    "model": "howmanymiles.airline", 
    "fields": {
        "uses_segments": false, 
        "alliance": 1, 
        "name": "Singapore Airlines", 
        "qualifying_miles_name": "", 
        "comments": "", 
        "ff_program": "KrisFlyer"
    }
},
{
    "pk": "SU", 
    "model": "howmanymiles.airline", 
    "fields": {
        "uses_segments": false, 
        "alliance": 3, 
        "name": "Aeroflot", 
        "qualifying_miles_name": "", 
        "comments": "", 
        "ff_program": "Aeroflot Bonus"
    }
},
{
    "pk": "SV", 
    "model": "howmanymiles.airline", 
    "fields": {
        "uses_segments": false, 
        "alliance": 3, 
        "name": "Saudia", 
        "qualifying_miles_name": "", 
        "comments": "", 
        "ff_program": "Al-Fursan"
    }
},
{
    "pk": "TG", 
    "model": "howmanymiles.airline", 
    "fields": {
        "uses_segments": false, 
        "alliance": 1, 
        "name": "Thai Airways", 
        "qualifying_miles_name": "", 
        "comments": "", 
        "ff_program": "Royal Orchid Plus"
    }
},
{
    "pk": "TK", 
    "model": "howmanymiles.airline", 
    "fields": {
        "uses_segments": false, 
        "alliance": 1, 
        "name": "Turkish Airlines", 
        "qualifying_miles_name": "", 
        "comments": "", 
        "ff_program": "Miles&Smiles"
    }
},
{
    "pk": "TP", 
    "model": "howmanymiles.airline", 
    "fields": {
        "uses_segments": false, 
        "alliance": 1, 
        "name": "TAP Portugal", 
        "qualifying_miles_name": "", 
        "comments": "", 
        "ff_program": "TAP Victoria"
    }
},
{
    "pk": "UA", 
    "model": "howmanymiles.airline", 
    "fields": {
        "uses_segments": true, 
        "alliance": 1, 
        "name": "United Airlines", 
        "qualifying_miles_name": "Premier", 
        "comments": "", 
        "ff_program": "MileagePlus"
    }
},
{
    "pk": "US", 
    "model": "howmanymiles.airline", 
    "fields": {
        "uses_segments": false, 
        "alliance": 1, 
        "name": "US Airways", 
        "qualifying_miles_name": "", 
        "comments": "", 
        "ff_program": "Dividend Miles"
    }
},
{
    "pk": "UX", 
    "model": "howmanymiles.airline", 
    "fields": {
        "uses_segments": false, 
        "alliance": 3, 
        "name": "Air Europa", 
        "qualifying_miles_name": "", 
        "comments": "", 
        "ff_program": "Flying Blue"
    }
},
{
    "pk": "VN", 
    "model": "howmanymiles.airline", 
    "fields": {
        "uses_segments": false, 
        "alliance": 3, 
        "name": "Vietnam Airlines", 
        "qualifying_miles_name": "", 
        "comments": "", 
        "ff_program": "Golden Lotus Plus"
    }
},
{
    "pk": "VX", 
    "model": "howmanymiles.airline", 
    "fields": {
        "uses_segments": false, 
        "alliance": null, 
        "name": "Virgin America", 
        "qualifying_miles_name": "", 
        "comments": "", 
        "ff_program": "elevate"
    }
},
{
    "pk": "ZH", 
    "model": "howmanymiles.airline", 
    "fields": {
        "uses_segments": false, 
        "alliance": 1, 
        "name": "Shenzhen Airlines", 
        "qualifying_miles_name": "", 
        "comments": "", 
        "ff_program": "PhoenixMiles"
    }
},
{
    "pk": 1, 
    "model": "howmanymiles.elitebonus", 
    "fields": {
        "bonus_percentage": 25, 
        "earning_airline": "UA", 
        "elite_level": "Premier Silver"
    }
},
{
    "pk": 2, 
    "model": "howmanymiles.elitebonus", 
    "fields": {
        "bonus_percentage": 50, 
        "earning_airline": "UA", 
        "elite_level": "Premier Gold"
    }
},
{
    "pk": 3, 
    "model": "howmanymiles.elitebonus", 
    "fields": {
        "bonus_percentage": 75, 
        "earning_airline": "UA", 
        "elite_level": "Premier Platinum"
    }
},
{
    "pk": 4, 
    "model": "howmanymiles.elitebonus", 
    "fields": {
        "bonus_percentage": 100, 
        "earning_airline": "UA", 
        "elite_level": "Premier 1K"
    }
},
{
    "pk": 1, 
    "model": "howmanymiles.mileageinfosource", 
    "fields": {
        "earning_airline": "UA", 
        "operating_airline": "UA", 
        "link": "http://www.united.com/CMS/en-US/Marketing/CustComm/Promotions/Pages/united.aspx"
    }
},
{
    "pk": 2, 
    "model": "howmanymiles.mileageinfosource", 
    "fields": {
        "earning_airline": "UA", 
        "operating_airline": "AC", 
        "link": "http://www.united.com/CMS/en-US/marketing/custcomm/promotions/Pages/AirlinePartnerDetails.aspx?ItemId=313"
    }
},
{
    "pk": 3, 
    "model": "howmanymiles.mileageinfosource", 
    "fields": {
        "earning_airline": "A3", 
        "operating_airline": "LH", 
        "link": "http://en.aegeanair.com/milesandbonus/program-description/earn-miles/#LUFTHANSA"
    }
},
{
    "pk": 4, 
    "model": "howmanymiles.mileageinfosource", 
    "fields": {
        "earning_airline": "UA", 
        "operating_airline": "EI", 
        "link": "http://www.united.com/CMS/en-US/marketing/custcomm/promotions/Pages/AirlinePartnerDetails.aspx?ItemId=438"
    }
},
{
    "pk": 1, 
    "model": "howmanymiles.location", 
    "fields": {
        "resolution": 2, 
        "name": "Canada"
    }
},
{
    "pk": 3, 
    "model": "howmanymiles.location", 
    "fields": {
        "resolution": 2, 
        "name": "United States"
    }
},
{
    "pk": 4, 
    "model": "howmanymiles.location", 
    "fields": {
        "resolution": 1, 
        "name": "Central America"
    }
},
{
    "pk": 5, 
    "model": "howmanymiles.location", 
    "fields": {
        "resolution": 2, 
        "name": "Mexico"
    }
},
{
    "pk": 6, 
    "model": "howmanymiles.location", 
    "fields": {
        "resolution": 1, 
        "name": "Caribbean"
    }
},
{
    "pk": 7, 
    "model": "howmanymiles.location", 
    "fields": {
        "resolution": 2, 
        "name": "Germany"
    }
},
{
    "pk": 8, 
    "model": "howmanymiles.location", 
    "fields": {
        "resolution": 1, 
        "name": "Europe"
    }
},
{
    "pk": 9, 
    "model": "howmanymiles.location", 
    "fields": {
        "resolution": 1, 
        "name": "North America"
    }
},
{
    "pk": 10, 
    "model": "howmanymiles.location", 
    "fields": {
        "resolution": 2, 
        "name": "Ireland"
    }
},
{
    "pk": 11, 
    "model": "howmanymiles.location", 
    "fields": {
        "resolution": 3, 
        "name": "London"
    }
},
{
    "pk": 12, 
    "model": "howmanymiles.location", 
    "fields": {
        "resolution": 3, 
        "name": "Dublin"
    }
},
{
    "pk": 13, 
    "model": "howmanymiles.location", 
    "fields": {
        "resolution": 3, 
        "name": "Belfast"
    }
},
{
    "pk": 14, 
    "model": "howmanymiles.location", 
    "fields": {
        "resolution": 3, 
        "name": "Shannon"
    }
},
{
    "pk": 15, 
    "model": "howmanymiles.location", 
    "fields": {
        "resolution": 3, 
        "name": "Cork"
    }
},
{
    "pk": 16, 
    "model": "howmanymiles.location", 
    "fields": {
        "resolution": 3, 
        "name": "Manchester"
    }
},
{
    "pk": 17, 
    "model": "howmanymiles.location", 
    "fields": {
        "resolution": 3, 
        "name": "Birmingham"
    }
},
{
    "pk": 1, 
    "model": "howmanymiles.accrualrule", 
    "fields": {
        "origin": null, 
        "num_segments": "1.5", 
        "end_date": null, 
        "award_miles_percentage": 175, 
        "standard_minimum": 0, 
        "other_restrictions": "", 
        "destination": null, 
        "fare_classes": "JCD", 
        "fare_name": "Executive Class", 
        "tier_miles_percentage": 150, 
        "earning_airline": "UA", 
        "operating_airline": "AC", 
        "start_date": "2013-10-01", 
        "elite_minimum": 500
    }
},
{
    "pk": 2, 
    "model": "howmanymiles.accrualrule", 
    "fields": {
        "origin": null, 
        "num_segments": "1.5", 
        "end_date": null, 
        "award_miles_percentage": 150, 
        "standard_minimum": 0, 
        "other_restrictions": "", 
        "destination": null, 
        "fare_classes": "Z", 
        "fare_name": "Discount Executive Class", 
        "tier_miles_percentage": 150, 
        "earning_airline": "UA", 
        "operating_airline": "AC", 
        "start_date": "2013-10-01", 
        "elite_minimum": 500
    }
},
{
    "pk": 3, 
    "model": "howmanymiles.accrualrule", 
    "fields": {
        "origin": null, 
        "num_segments": "1.5", 
        "end_date": null, 
        "award_miles_percentage": 100, 
        "standard_minimum": 0, 
        "other_restrictions": "", 
        "destination": null, 
        "fare_classes": "O", 
        "fare_name": "Premium Economy", 
        "tier_miles_percentage": 150, 
        "earning_airline": "UA", 
        "operating_airline": "AC", 
        "start_date": "2013-10-01", 
        "elite_minimum": 500
    }
},
{
    "pk": 4, 
    "model": "howmanymiles.accrualrule", 
    "fields": {
        "origin": null, 
        "num_segments": "1.5", 
        "end_date": null, 
        "award_miles_percentage": 125, 
        "standard_minimum": 0, 
        "other_restrictions": "", 
        "destination": null, 
        "fare_classes": "YB", 
        "fare_name": "Full Fare Economy", 
        "tier_miles_percentage": 150, 
        "earning_airline": "UA", 
        "operating_airline": "AC", 
        "start_date": "2013-10-01", 
        "elite_minimum": 500
    }
},
{
    "pk": 5, 
    "model": "howmanymiles.accrualrule", 
    "fields": {
        "origin": null, 
        "num_segments": "1", 
        "end_date": null, 
        "award_miles_percentage": 100, 
        "standard_minimum": 0, 
        "other_restrictions": "", 
        "destination": null, 
        "fare_classes": "MHWUVWSTL", 
        "fare_name": "Economy", 
        "tier_miles_percentage": 100, 
        "earning_airline": "UA", 
        "operating_airline": "AC", 
        "start_date": "2013-10-01", 
        "elite_minimum": 500
    }
},
{
    "pk": 6, 
    "model": "howmanymiles.accrualrule", 
    "fields": {
        "origin": null, 
        "num_segments": "1", 
        "end_date": null, 
        "award_miles_percentage": 100, 
        "standard_minimum": 0, 
        "other_restrictions": "", 
        "destination": null, 
        "fare_classes": "KNGPEA", 
        "fare_name": "Discount Economy", 
        "tier_miles_percentage": 100, 
        "earning_airline": "UA", 
        "operating_airline": "AC", 
        "start_date": "2013-10-01", 
        "elite_minimum": 500
    }
},
{
    "pk": 7, 
    "model": "howmanymiles.accrualrule", 
    "fields": {
        "origin": 1, 
        "num_segments": "0", 
        "end_date": null, 
        "award_miles_percentage": 25, 
        "standard_minimum": 0, 
        "other_restrictions": "", 
        "destination": 1, 
        "fare_classes": "KNGPEA", 
        "fare_name": "Discount Economy", 
        "tier_miles_percentage": 25, 
        "earning_airline": "UA", 
        "operating_airline": "AC", 
        "start_date": "2013-10-01", 
        "elite_minimum": 125
    }
},
{
    "pk": 8, 
    "model": "howmanymiles.accrualrule", 
    "fields": {
        "origin": 1, 
        "num_segments": "0", 
        "end_date": null, 
        "award_miles_percentage": 25, 
        "standard_minimum": 0, 
        "other_restrictions": "", 
        "destination": 3, 
        "fare_classes": "KNGPEA", 
        "fare_name": "Discount Economy", 
        "tier_miles_percentage": 25, 
        "earning_airline": "UA", 
        "operating_airline": "AC", 
        "start_date": "2013-10-01", 
        "elite_minimum": 125
    }
},
{
    "pk": 9, 
    "model": "howmanymiles.accrualrule", 
    "fields": {
        "origin": 1, 
        "num_segments": "0", 
        "end_date": null, 
        "award_miles_percentage": 25, 
        "standard_minimum": 0, 
        "other_restrictions": "", 
        "destination": 4, 
        "fare_classes": "KNGPEA", 
        "fare_name": "Discount Economy", 
        "tier_miles_percentage": 25, 
        "earning_airline": "UA", 
        "operating_airline": "AC", 
        "start_date": "2013-10-01", 
        "elite_minimum": 125
    }
},
{
    "pk": 10, 
    "model": "howmanymiles.accrualrule", 
    "fields": {
        "origin": 1, 
        "num_segments": "0", 
        "end_date": null, 
        "award_miles_percentage": 25, 
        "standard_minimum": 0, 
        "other_restrictions": "", 
        "destination": 5, 
        "fare_classes": "KNGPEA", 
        "fare_name": "Discount Economy", 
        "tier_miles_percentage": 25, 
        "earning_airline": "UA", 
        "operating_airline": "AC", 
        "start_date": "2013-10-01", 
        "elite_minimum": 125
    }
},
{
    "pk": 11, 
    "model": "howmanymiles.accrualrule", 
    "fields": {
        "origin": 1, 
        "num_segments": "0", 
        "end_date": null, 
        "award_miles_percentage": 25, 
        "standard_minimum": 0, 
        "other_restrictions": "", 
        "destination": 6, 
        "fare_classes": "KNGPEA", 
        "fare_name": "Discount Economy", 
        "tier_miles_percentage": 25, 
        "earning_airline": "UA", 
        "operating_airline": "AC", 
        "start_date": "2013-10-01", 
        "elite_minimum": 125
    }
},
{
    "pk": 12, 
    "model": "howmanymiles.accrualrule", 
    "fields": {
        "origin": null, 
        "num_segments": "1.5", 
        "end_date": null, 
        "award_miles_percentage": 250, 
        "standard_minimum": 0, 
        "other_restrictions": "3-cabin Global First only.", 
        "destination": null, 
        "fare_classes": "FA", 
        "fare_name": "Global First", 
        "tier_miles_percentage": 150, 
        "earning_airline": "UA", 
        "operating_airline": "UA", 
        "start_date": null, 
        "elite_minimum": 500
    }
},
{
    "pk": 13, 
    "model": "howmanymiles.accrualrule", 
    "fields": {
        "origin": null, 
        "num_segments": "1.5", 
        "end_date": null, 
        "award_miles_percentage": 175, 
        "standard_minimum": 0, 
        "other_restrictions": "2-cabin first class.", 
        "destination": null, 
        "fare_classes": "FA", 
        "fare_name": "First", 
        "tier_miles_percentage": 150, 
        "earning_airline": "UA", 
        "operating_airline": "UA", 
        "start_date": null, 
        "elite_minimum": 500
    }
},
{
    "pk": 14, 
    "model": "howmanymiles.accrualrule", 
    "fields": {
        "origin": null, 
        "num_segments": "1.5", 
        "end_date": null, 
        "award_miles_percentage": 175, 
        "standard_minimum": 0, 
        "other_restrictions": "", 
        "destination": null, 
        "fare_classes": "JCD", 
        "fare_name": "Business", 
        "tier_miles_percentage": 150, 
        "earning_airline": "UA", 
        "operating_airline": "UA", 
        "start_date": null, 
        "elite_minimum": 500
    }
},
{
    "pk": 15, 
    "model": "howmanymiles.accrualrule", 
    "fields": {
        "origin": null, 
        "num_segments": "1.5", 
        "end_date": null, 
        "award_miles_percentage": 150, 
        "standard_minimum": 0, 
        "other_restrictions": "", 
        "destination": null, 
        "fare_classes": "ZP", 
        "fare_name": "Discount Business", 
        "tier_miles_percentage": 150, 
        "earning_airline": "UA", 
        "operating_airline": "UA", 
        "start_date": null, 
        "elite_minimum": 500
    }
},
{
    "pk": 16, 
    "model": "howmanymiles.accrualrule", 
    "fields": {
        "origin": null, 
        "num_segments": "1.5", 
        "end_date": null, 
        "award_miles_percentage": 125, 
        "standard_minimum": 0, 
        "other_restrictions": "", 
        "destination": null, 
        "fare_classes": "Y", 
        "fare_name": "Full-fare Economy", 
        "tier_miles_percentage": 150, 
        "earning_airline": "UA", 
        "operating_airline": "UA", 
        "start_date": null, 
        "elite_minimum": 500
    }
},
{
    "pk": 17, 
    "model": "howmanymiles.accrualrule", 
    "fields": {
        "origin": null, 
        "num_segments": "1", 
        "end_date": null, 
        "award_miles_percentage": 100, 
        "standard_minimum": 0, 
        "other_restrictions": "", 
        "destination": null, 
        "fare_classes": "STLKGN", 
        "fare_name": "Discount Economy", 
        "tier_miles_percentage": 100, 
        "earning_airline": "UA", 
        "operating_airline": "UA", 
        "start_date": null, 
        "elite_minimum": 500
    }
},
{
    "pk": 18, 
    "model": "howmanymiles.accrualrule", 
    "fields": {
        "origin": null, 
        "num_segments": "1", 
        "end_date": null, 
        "award_miles_percentage": 100, 
        "standard_minimum": 0, 
        "other_restrictions": "", 
        "destination": null, 
        "fare_classes": "MEUHQVW", 
        "fare_name": "Economy", 
        "tier_miles_percentage": 100, 
        "earning_airline": "UA", 
        "operating_airline": "UA", 
        "start_date": null, 
        "elite_minimum": 500
    }
},
{
    "pk": 19, 
    "model": "howmanymiles.accrualrule", 
    "fields": {
        "origin": null, 
        "num_segments": "1.5", 
        "end_date": null, 
        "award_miles_percentage": 125, 
        "standard_minimum": 0, 
        "other_restrictions": "", 
        "destination": null, 
        "fare_classes": "B", 
        "fare_name": "Discount full-fare Economy", 
        "tier_miles_percentage": 150, 
        "earning_airline": "UA", 
        "operating_airline": "UA", 
        "start_date": null, 
        "elite_minimum": 500
    }
},
{
    "pk": 20, 
    "model": "howmanymiles.accrualrule", 
    "fields": {
        "origin": null, 
        "num_segments": "0", 
        "end_date": null, 
        "award_miles_percentage": 200, 
        "standard_minimum": 1000, 
        "other_restrictions": "", 
        "destination": null, 
        "fare_classes": "JCDZP", 
        "fare_name": "Business Class", 
        "tier_miles_percentage": 200, 
        "earning_airline": "A3", 
        "operating_airline": "AC", 
        "start_date": "2014-01-01", 
        "elite_minimum": 1000
    }
},
{
    "pk": 21, 
    "model": "howmanymiles.accrualrule", 
    "fields": {
        "origin": null, 
        "num_segments": "0", 
        "end_date": null, 
        "award_miles_percentage": 150, 
        "standard_minimum": 750, 
        "other_restrictions": "", 
        "destination": null, 
        "fare_classes": "YB", 
        "fare_name": "Economy Class", 
        "tier_miles_percentage": 150, 
        "earning_airline": "A3", 
        "operating_airline": "AC", 
        "start_date": "2014-01-01", 
        "elite_minimum": 750
    }
},
{
    "pk": 22, 
    "model": "howmanymiles.accrualrule", 
    "fields": {
        "origin": null, 
        "num_segments": "0", 
        "end_date": null, 
        "award_miles_percentage": 100, 
        "standard_minimum": 500, 
        "other_restrictions": "", 
        "destination": null, 
        "fare_classes": "OEN", 
        "fare_name": "Premium Economy", 
        "tier_miles_percentage": 100, 
        "earning_airline": "A3", 
        "operating_airline": "AC", 
        "start_date": "2014-01-01", 
        "elite_minimum": 500
    }
},
{
    "pk": 23, 
    "model": "howmanymiles.accrualrule", 
    "fields": {
        "origin": null, 
        "num_segments": "0", 
        "end_date": null, 
        "award_miles_percentage": 100, 
        "standard_minimum": 500, 
        "other_restrictions": "", 
        "destination": null, 
        "fare_classes": "MUHQV", 
        "fare_name": "Economy Discounted", 
        "tier_miles_percentage": 100, 
        "earning_airline": "A3", 
        "operating_airline": "AC", 
        "start_date": "2014-01-01", 
        "elite_minimum": 500
    }
},
{
    "pk": 24, 
    "model": "howmanymiles.accrualrule", 
    "fields": {
        "origin": null, 
        "num_segments": "0", 
        "end_date": null, 
        "award_miles_percentage": 50, 
        "standard_minimum": 250, 
        "other_restrictions": "", 
        "destination": null, 
        "fare_classes": "WG", 
        "fare_name": "Economy Discounted", 
        "tier_miles_percentage": 50, 
        "earning_airline": "A3", 
        "operating_airline": "AC", 
        "start_date": "2014-01-01", 
        "elite_minimum": 250
    }
},
{
    "pk": 25, 
    "model": "howmanymiles.accrualrule", 
    "fields": {
        "origin": 1, 
        "num_segments": "0", 
        "end_date": null, 
        "award_miles_percentage": 25, 
        "standard_minimum": 125, 
        "other_restrictions": "", 
        "destination": 1, 
        "fare_classes": "STLAK", 
        "fare_name": "Economy Discounted", 
        "tier_miles_percentage": 25, 
        "earning_airline": "A3", 
        "operating_airline": "AC", 
        "start_date": "2014-01-01", 
        "elite_minimum": 125
    }
},
{
    "pk": 26, 
    "model": "howmanymiles.accrualrule", 
    "fields": {
        "origin": null, 
        "num_segments": "0", 
        "end_date": null, 
        "award_miles_percentage": 50, 
        "standard_minimum": 250, 
        "other_restrictions": "", 
        "destination": null, 
        "fare_classes": "STLAK", 
        "fare_name": "Economy Discounted", 
        "tier_miles_percentage": 50, 
        "earning_airline": "A3", 
        "operating_airline": "AC", 
        "start_date": "2014-01-01", 
        "elite_minimum": 250
    }
},
{
    "pk": 27, 
    "model": "howmanymiles.accrualrule", 
    "fields": {
        "origin": null, 
        "num_segments": "0", 
        "end_date": null, 
        "award_miles_percentage": 300, 
        "standard_minimum": 1500, 
        "other_restrictions": "", 
        "destination": null, 
        "fare_classes": "FA", 
        "fare_name": "First Class", 
        "tier_miles_percentage": 300, 
        "earning_airline": "A3", 
        "operating_airline": "UA", 
        "start_date": null, 
        "elite_minimum": 1500
    }
},
{
    "pk": 28, 
    "model": "howmanymiles.accrualrule", 
    "fields": {
        "origin": null, 
        "num_segments": "0", 
        "end_date": null, 
        "award_miles_percentage": 200, 
        "standard_minimum": 1000, 
        "other_restrictions": "", 
        "destination": null, 
        "fare_classes": "JCDZ", 
        "fare_name": "Business Class", 
        "tier_miles_percentage": 200, 
        "earning_airline": "A3", 
        "operating_airline": "UA", 
        "start_date": null, 
        "elite_minimum": 1000
    }
},
{
    "pk": 29, 
    "model": "howmanymiles.accrualrule", 
    "fields": {
        "origin": null, 
        "num_segments": "0", 
        "end_date": null, 
        "award_miles_percentage": 150, 
        "standard_minimum": 750, 
        "other_restrictions": "", 
        "destination": null, 
        "fare_classes": "Y", 
        "fare_name": "Economy Class", 
        "tier_miles_percentage": 150, 
        "earning_airline": "A3", 
        "operating_airline": "UA", 
        "start_date": null, 
        "elite_minimum": 750
    }
},
{
    "pk": 30, 
    "model": "howmanymiles.accrualrule", 
    "fields": {
        "origin": null, 
        "num_segments": "0", 
        "end_date": null, 
        "award_miles_percentage": 100, 
        "standard_minimum": 500, 
        "other_restrictions": "", 
        "destination": null, 
        "fare_classes": "BMEUHQV", 
        "fare_name": "Economy Discounted", 
        "tier_miles_percentage": 100, 
        "earning_airline": "A3", 
        "operating_airline": "UA", 
        "start_date": null, 
        "elite_minimum": 500
    }
},
{
    "pk": 31, 
    "model": "howmanymiles.accrualrule", 
    "fields": {
        "origin": null, 
        "num_segments": "0", 
        "end_date": null, 
        "award_miles_percentage": 50, 
        "standard_minimum": 100, 
        "other_restrictions": "", 
        "destination": null, 
        "fare_classes": "WSTLKG", 
        "fare_name": "Economy Discounted", 
        "tier_miles_percentage": 50, 
        "earning_airline": "A3", 
        "operating_airline": "UA", 
        "start_date": null, 
        "elite_minimum": 100
    }
},
{
    "pk": 32, 
    "model": "howmanymiles.accrualrule", 
    "fields": {
        "origin": null, 
        "num_segments": "0", 
        "end_date": null, 
        "award_miles_percentage": 300, 
        "standard_minimum": 0, 
        "other_restrictions": "", 
        "destination": null, 
        "fare_classes": "FA", 
        "fare_name": "First Class", 
        "tier_miles_percentage": 300, 
        "earning_airline": "A3", 
        "operating_airline": "LX", 
        "start_date": "2014-01-01", 
        "elite_minimum": 0
    }
},
{
    "pk": 33, 
    "model": "howmanymiles.accrualrule", 
    "fields": {
        "origin": null, 
        "num_segments": "0", 
        "end_date": null, 
        "award_miles_percentage": 200, 
        "standard_minimum": 1000, 
        "other_restrictions": "", 
        "destination": null, 
        "fare_classes": "JCDZ", 
        "fare_name": "Business Class", 
        "tier_miles_percentage": 200, 
        "earning_airline": "UA", 
        "operating_airline": "LX", 
        "start_date": "2014-01-01", 
        "elite_minimum": 1000
    }
},
{
    "pk": 34, 
    "model": "howmanymiles.accrualrule", 
    "fields": {
        "origin": null, 
        "num_segments": "0", 
        "end_date": null, 
        "award_miles_percentage": 150, 
        "standard_minimum": 750, 
        "other_restrictions": "", 
        "destination": null, 
        "fare_classes": "YB", 
        "fare_name": "Economy Class", 
        "tier_miles_percentage": 150, 
        "earning_airline": "UA", 
        "operating_airline": "LX", 
        "start_date": "2014-01-01", 
        "elite_minimum": 750
    }
},
{
    "pk": 35, 
    "model": "howmanymiles.accrualrule", 
    "fields": {
        "origin": null, 
        "num_segments": "0", 
        "end_date": null, 
        "award_miles_percentage": 100, 
        "standard_minimum": 500, 
        "other_restrictions": "", 
        "destination": null, 
        "fare_classes": "MUHVQSWGP", 
        "fare_name": "Economy Discounted", 
        "tier_miles_percentage": 100, 
        "earning_airline": "UA", 
        "operating_airline": "LX", 
        "start_date": "2014-01-01", 
        "elite_minimum": 500
    }
},
{
    "pk": 36, 
    "model": "howmanymiles.accrualrule", 
    "fields": {
        "origin": null, 
        "num_segments": "0", 
        "end_date": null, 
        "award_miles_percentage": 50, 
        "standard_minimum": 500, 
        "other_restrictions": "", 
        "destination": null, 
        "fare_classes": "TEKL", 
        "fare_name": "Economy Discounted", 
        "tier_miles_percentage": 50, 
        "earning_airline": "UA", 
        "operating_airline": "LX", 
        "start_date": "2014-01-01", 
        "elite_minimum": 500
    }
},
{
    "pk": 37, 
    "model": "howmanymiles.accrualrule", 
    "fields": {
        "origin": 7, 
        "num_segments": "0", 
        "end_date": null, 
        "award_miles_percentage": 0, 
        "standard_minimum": 1500, 
        "other_restrictions": "", 
        "destination": 7, 
        "fare_classes": "CDJ", 
        "fare_name": "Business Class", 
        "tier_miles_percentage": 0, 
        "earning_airline": "A3", 
        "operating_airline": "LH", 
        "start_date": "2014-01-01", 
        "elite_minimum": 1500
    }
},
{
    "pk": 38, 
    "model": "howmanymiles.accrualrule", 
    "fields": {
        "origin": 7, 
        "num_segments": "0", 
        "end_date": null, 
        "award_miles_percentage": 0, 
        "standard_minimum": 1000, 
        "other_restrictions": "", 
        "destination": 7, 
        "fare_classes": "Z", 
        "fare_name": "Economy Class", 
        "tier_miles_percentage": 0, 
        "earning_airline": "A3", 
        "operating_airline": "LH", 
        "start_date": "2014-01-01", 
        "elite_minimum": 1000
    }
},
{
    "pk": 39, 
    "model": "howmanymiles.accrualrule", 
    "fields": {
        "origin": 7, 
        "num_segments": "0", 
        "end_date": null, 
        "award_miles_percentage": 0, 
        "standard_minimum": 950, 
        "other_restrictions": "", 
        "destination": 7, 
        "fare_classes": "YB", 
        "fare_name": "Economy Class", 
        "tier_miles_percentage": 0, 
        "earning_airline": "A3", 
        "operating_airline": "LH", 
        "start_date": "2014-01-01", 
        "elite_minimum": 950
    }
},
{
    "pk": 40, 
    "model": "howmanymiles.accrualrule", 
    "fields": {
        "origin": 7, 
        "num_segments": "0", 
        "end_date": null, 
        "award_miles_percentage": 0, 
        "standard_minimum": 500, 
        "other_restrictions": "", 
        "destination": 7, 
        "fare_classes": "MHGU", 
        "fare_name": "Economy Class", 
        "tier_miles_percentage": 0, 
        "earning_airline": "A3", 
        "operating_airline": "LH", 
        "start_date": "2014-01-01", 
        "elite_minimum": 500
    }
},
{
    "pk": 41, 
    "model": "howmanymiles.accrualrule", 
    "fields": {
        "origin": 7, 
        "num_segments": "0", 
        "end_date": null, 
        "award_miles_percentage": 0, 
        "standard_minimum": 250, 
        "other_restrictions": "", 
        "destination": 7, 
        "fare_classes": "QVWS", 
        "fare_name": "Economy Class", 
        "tier_miles_percentage": 0, 
        "earning_airline": "A3", 
        "operating_airline": "LH", 
        "start_date": "2014-01-01", 
        "elite_minimum": 250
    }
},
{
    "pk": 42, 
    "model": "howmanymiles.accrualrule", 
    "fields": {
        "origin": 8, 
        "num_segments": "0", 
        "end_date": null, 
        "award_miles_percentage": 0, 
        "standard_minimum": 2000, 
        "other_restrictions": "", 
        "destination": 8, 
        "fare_classes": "CDJ", 
        "fare_name": "Business Class", 
        "tier_miles_percentage": 0, 
        "earning_airline": "A3", 
        "operating_airline": "LH", 
        "start_date": "2014-01-01", 
        "elite_minimum": 2000
    }
},
{
    "pk": 43, 
    "model": "howmanymiles.accrualrule", 
    "fields": {
        "origin": 8, 
        "num_segments": "0", 
        "end_date": null, 
        "award_miles_percentage": 0, 
        "standard_minimum": 1250, 
        "other_restrictions": "", 
        "destination": 8, 
        "fare_classes": "YBZ", 
        "fare_name": "Economy Class", 
        "tier_miles_percentage": 0, 
        "earning_airline": "A3", 
        "operating_airline": "LH", 
        "start_date": "2014-01-01", 
        "elite_minimum": 1250
    }
},
{
    "pk": 44, 
    "model": "howmanymiles.accrualrule", 
    "fields": {
        "origin": 8, 
        "num_segments": "0", 
        "end_date": null, 
        "award_miles_percentage": 0, 
        "standard_minimum": 1000, 
        "other_restrictions": "", 
        "destination": 8, 
        "fare_classes": "MHQGU", 
        "fare_name": "Economy Class", 
        "tier_miles_percentage": 0, 
        "earning_airline": "A3", 
        "operating_airline": "LH", 
        "start_date": "2014-01-01", 
        "elite_minimum": 1000
    }
},
{
    "pk": 45, 
    "model": "howmanymiles.accrualrule", 
    "fields": {
        "origin": 8, 
        "num_segments": "0", 
        "end_date": null, 
        "award_miles_percentage": 0, 
        "standard_minimum": 500, 
        "other_restrictions": "", 
        "destination": 8, 
        "fare_classes": "VWS", 
        "fare_name": "Economy Class", 
        "tier_miles_percentage": 0, 
        "earning_airline": "A3", 
        "operating_airline": "LH", 
        "start_date": "2014-01-01", 
        "elite_minimum": 500
    }
},
{
    "pk": 46, 
    "model": "howmanymiles.accrualrule", 
    "fields": {
        "origin": null, 
        "num_segments": "0", 
        "end_date": null, 
        "award_miles_percentage": 300, 
        "standard_minimum": 1500, 
        "other_restrictions": "", 
        "destination": null, 
        "fare_classes": "FA", 
        "fare_name": "First Class", 
        "tier_miles_percentage": 300, 
        "earning_airline": "A3", 
        "operating_airline": "LH", 
        "start_date": "2014-01-01", 
        "elite_minimum": 1500
    }
},
{
    "pk": 47, 
    "model": "howmanymiles.accrualrule", 
    "fields": {
        "origin": null, 
        "num_segments": "0", 
        "end_date": null, 
        "award_miles_percentage": 300, 
        "standard_minimum": 1500, 
        "other_restrictions": "", 
        "destination": null, 
        "fare_classes": "CDJ", 
        "fare_name": "Business Class", 
        "tier_miles_percentage": 300, 
        "earning_airline": "A3", 
        "operating_airline": "LH", 
        "start_date": "2014-01-01", 
        "elite_minimum": 1500
    }
},
{
    "pk": 48, 
    "model": "howmanymiles.accrualrule", 
    "fields": {
        "origin": null, 
        "num_segments": "0", 
        "end_date": null, 
        "award_miles_percentage": 150, 
        "standard_minimum": 750, 
        "other_restrictions": "", 
        "destination": null, 
        "fare_classes": "YBZ", 
        "fare_name": "Economy Class", 
        "tier_miles_percentage": 150, 
        "earning_airline": "A3", 
        "operating_airline": "LH", 
        "start_date": "2014-01-01", 
        "elite_minimum": 750
    }
},
{
    "pk": 49, 
    "model": "howmanymiles.accrualrule", 
    "fields": {
        "origin": null, 
        "num_segments": "0", 
        "end_date": null, 
        "award_miles_percentage": 100, 
        "standard_minimum": 500, 
        "other_restrictions": "", 
        "destination": null, 
        "fare_classes": "MHGU", 
        "fare_name": "Economy Class", 
        "tier_miles_percentage": 100, 
        "earning_airline": "A3", 
        "operating_airline": "LH", 
        "start_date": "2014-01-01", 
        "elite_minimum": 500
    }
},
{
    "pk": 50, 
    "model": "howmanymiles.accrualrule", 
    "fields": {
        "origin": null, 
        "num_segments": "0", 
        "end_date": null, 
        "award_miles_percentage": 50, 
        "standard_minimum": 250, 
        "other_restrictions": "", 
        "destination": null, 
        "fare_classes": "VWSQ", 
        "fare_name": "Economy Class", 
        "tier_miles_percentage": 50, 
        "earning_airline": "A3", 
        "operating_airline": "LH", 
        "start_date": "2014-01-01", 
        "elite_minimum": 250
    }
},
{
    "pk": 51, 
    "model": "howmanymiles.accrualrule", 
    "fields": {
        "origin": null, 
        "num_segments": "0", 
        "end_date": null, 
        "award_miles_percentage": 150, 
        "standard_minimum": 0, 
        "other_restrictions": "", 
        "destination": null, 
        "fare_classes": "CDJ", 
        "fare_name": "Business", 
        "tier_miles_percentage": 0, 
        "earning_airline": "UA", 
        "operating_airline": "EI", 
        "start_date": "2012-11-01", 
        "elite_minimum": 0
    }
},
{
    "pk": 52, 
    "model": "howmanymiles.accrualrule", 
    "fields": {
        "origin": 9, 
        "num_segments": "0", 
        "end_date": null, 
        "award_miles_percentage": 75, 
        "standard_minimum": 0, 
        "other_restrictions": "", 
        "destination": 10, 
        "fare_classes": "YBHKMVN", 
        "fare_name": "Economy", 
        "tier_miles_percentage": 0, 
        "earning_airline": "UA", 
        "operating_airline": "EI", 
        "start_date": "2012-11-01", 
        "elite_minimum": 0
    }
},
{
    "pk": 53, 
    "model": "howmanymiles.accrualrule", 
    "fields": {
        "origin": 9, 
        "num_segments": "0", 
        "end_date": null, 
        "award_miles_percentage": 50, 
        "standard_minimum": 0, 
        "other_restrictions": "", 
        "destination": 10, 
        "fare_classes": "LXS", 
        "fare_name": "Economy", 
        "tier_miles_percentage": 0, 
        "earning_airline": "UA", 
        "operating_airline": "EI", 
        "start_date": "2012-11-01", 
        "elite_minimum": 0
    }
},
{
    "pk": 54, 
    "model": "howmanymiles.accrualrule", 
    "fields": {
        "origin": 11, 
        "num_segments": "0", 
        "end_date": null, 
        "award_miles_percentage": 0, 
        "standard_minimum": 250, 
        "other_restrictions": "", 
        "destination": 12, 
        "fare_classes": "YBHKMVNLXS", 
        "fare_name": "Economy", 
        "tier_miles_percentage": 0, 
        "earning_airline": "UA", 
        "operating_airline": "EI", 
        "start_date": "2012-11-01", 
        "elite_minimum": 250
    }
},
{
    "pk": 55, 
    "model": "howmanymiles.accrualrule", 
    "fields": {
        "origin": 11, 
        "num_segments": "0", 
        "end_date": null, 
        "award_miles_percentage": 0, 
        "standard_minimum": 250, 
        "other_restrictions": "", 
        "destination": 13, 
        "fare_classes": "YBHKMVNLXS", 
        "fare_name": "Economy", 
        "tier_miles_percentage": 0, 
        "earning_airline": "UA", 
        "operating_airline": "EI", 
        "start_date": "2012-11-01", 
        "elite_minimum": 250
    }
},
{
    "pk": 56, 
    "model": "howmanymiles.accrualrule", 
    "fields": {
        "origin": 11, 
        "num_segments": "0", 
        "end_date": null, 
        "award_miles_percentage": 0, 
        "standard_minimum": 250, 
        "other_restrictions": "", 
        "destination": 14, 
        "fare_classes": "YBHKMVNLXS", 
        "fare_name": "Economy", 
        "tier_miles_percentage": 0, 
        "earning_airline": "UA", 
        "operating_airline": "EI", 
        "start_date": "2013-01-17", 
        "elite_minimum": 250
    }
},
{
    "pk": 57, 
    "model": "howmanymiles.accrualrule", 
    "fields": {
        "origin": 11, 
        "num_segments": "0", 
        "end_date": null, 
        "award_miles_percentage": 0, 
        "standard_minimum": 250, 
        "other_restrictions": "", 
        "destination": 15, 
        "fare_classes": "YBHKMVNLXS", 
        "fare_name": "Economy", 
        "tier_miles_percentage": 0, 
        "earning_airline": "UA", 
        "operating_airline": "EI", 
        "start_date": "2012-11-01", 
        "elite_minimum": 250
    }
},
{
    "pk": 58, 
    "model": "howmanymiles.accrualrule", 
    "fields": {
        "origin": 12, 
        "num_segments": "0", 
        "end_date": null, 
        "award_miles_percentage": 0, 
        "standard_minimum": 250, 
        "other_restrictions": "", 
        "destination": 16, 
        "fare_classes": "YBHKMVNLXS", 
        "fare_name": "Economy", 
        "tier_miles_percentage": 0, 
        "earning_airline": "UA", 
        "operating_airline": "EI", 
        "start_date": "2013-01-17", 
        "elite_minimum": 250
    }
},
{
    "pk": 59, 
    "model": "howmanymiles.accrualrule", 
    "fields": {
        "origin": 12, 
        "num_segments": "0", 
        "end_date": null, 
        "award_miles_percentage": 0, 
        "standard_minimum": 250, 
        "other_restrictions": "", 
        "destination": 17, 
        "fare_classes": "YBHKMVNLXS", 
        "fare_name": "Economy", 
        "tier_miles_percentage": 0, 
        "earning_airline": "UA", 
        "operating_airline": "EI", 
        "start_date": "2013-01-17", 
        "elite_minimum": 250
    }
}
]
